,predict_depth,true_depth,difference
0,1470,1500,-30
1,1470,1500,-30
2,1470,1500,-30
3,1480,1500,-20
4,1490,1500,-10
5,1490,1500,-10
6,1470,1500,-30
7,1490,1500,-10
8,1480,1500,-20
9,1490,1500,-10
10,1470,1500,-30
11,1460,1500,-40
12,1480,1500,-20
13,1490,1500,-10
14,1480,1500,-20
15,1480,1500,-20
16,1470,1500,-30
17,1460,1500,-40
18,1480,1500,-20
19,1470,1500,-30
20,1470,1500,-30
21,1500,1500,0
22,1470,1500,-30
23,1480,1500,-20
24,1480,1500,-20
25,1490,1500,-10
26,1460,1500,-40
27,1480,1500,-20
28,1460,1500,-40
29,1480,1500,-20
30,1470,1490,-20
31,1470,1490,-20
32,1470,1490,-20
33,1340,1490,-150
34,1460,1490,-30
35,1470,1490,-20
36,1460,1490,-30
37,1450,1490,-40
38,1480,1490,-10
39,1470,1490,-20
40,1480,1490,-10
41,1480,1490,-10
42,1480,1490,-10
43,1450,1490,-40
44,1470,1490,-20
45,1470,1490,-20
46,1470,1490,-20
47,1490,1490,0
48,1470,1490,-20
49,1470,1490,-20
50,1480,1490,-10
51,1480,1490,-10
52,1470,1490,-20
53,1460,1490,-30
54,1480,1490,-10
55,1370,1490,-120
56,1450,1490,-40
57,1460,1490,-30
58,1470,1490,-20
59,1470,1490,-20
60,1460,1480,-20
61,1460,1480,-20
62,1460,1480,-20
63,1470,1480,-10
64,1450,1480,-30
65,1400,1480,-80
66,1460,1480,-20
67,1480,1480,0
68,1450,1480,-30
69,1460,1480,-20
70,1470,1480,-10
71,1470,1480,-10
72,1460,1480,-20
73,1460,1480,-20
74,1470,1480,-10
75,1470,1480,-10
76,1470,1480,-10
77,1450,1480,-30
78,1480,1480,0
79,1460,1480,-20
80,1480,1480,0
81,1450,1480,-30
82,1430,1480,-50
83,1470,1480,-10
84,1470,1480,-10
85,1480,1480,0
86,1480,1480,0
87,1470,1480,-10
88,1480,1480,0
89,1410,1480,-70
90,1470,1470,0
91,1470,1470,0
92,1460,1470,-10
93,1460,1470,-10
94,1470,1470,0
95,1470,1470,0
96,1450,1470,-20
97,1470,1470,0
98,1480,1470,10
99,1460,1470,-10
100,1450,1470,-20
101,1450,1470,-20
102,1470,1470,0
103,1440,1470,-30
104,1420,1470,-50
105,1460,1470,-10
106,1460,1470,-10
107,1450,1470,-20
108,1470,1470,0
109,1470,1470,0
110,1460,1470,-10
111,1450,1470,-20
112,1460,1470,-10
113,1470,1470,0
114,1480,1470,10
115,1320,1470,-150
116,1450,1470,-20
117,1480,1470,10
118,1480,1470,10
119,1460,1470,-10
120,1460,1460,0
121,1470,1460,10
122,1400,1460,-60
123,1470,1460,10
124,1470,1460,10
125,1450,1460,-10
126,1460,1460,0
127,1370,1460,-90
128,1470,1460,10
129,1460,1460,0
130,1460,1460,0
131,1460,1460,0
132,1460,1460,0
133,1450,1460,-10
134,1460,1460,0
135,1460,1460,0
136,1450,1460,-10
137,1460,1460,0
138,1420,1460,-40
139,1460,1460,0
140,1440,1460,-20
141,1450,1460,-10
142,1180,1460,-280
143,1450,1460,-10
144,1440,1460,-20
145,1450,1460,-10
146,1460,1460,0
147,1460,1460,0
148,1460,1460,0
149,1450,1460,-10
150,1460,1450,10
151,1430,1450,-20
152,1460,1450,10
153,1450,1450,0
154,1470,1450,20
155,1360,1450,-90
156,1440,1450,-10
157,1460,1450,10
158,1430,1450,-20
159,1460,1450,10
160,1340,1450,-110
161,1440,1450,-10
162,1450,1450,0
163,1430,1450,-20
164,1450,1450,0
165,1450,1450,0
166,1460,1450,10
167,1350,1450,-100
168,1450,1450,0
169,1440,1450,-10
170,1430,1450,-20
171,1450,1450,0
172,1420,1450,-30
173,1300,1450,-150
174,1450,1450,0
175,1460,1450,10
176,1460,1450,10
177,1460,1450,10
178,1440,1450,-10
179,1440,1450,-10
180,1430,1440,-10
181,1450,1440,10
182,1430,1440,-10
183,1340,1440,-100
184,1440,1440,0
185,1450,1440,10
186,1450,1440,10
187,1430,1440,-10
188,1330,1440,-110
189,1450,1440,10
190,1450,1440,10
191,1440,1440,0
192,1420,1440,-20
193,1450,1440,10
194,1460,1440,20
195,1430,1440,-10
196,1440,1440,0
197,1450,1440,10
198,1440,1440,0
199,1430,1440,-10
200,1440,1440,0
201,1460,1440,20
202,1430,1440,-10
203,1420,1440,-20
204,1440,1440,0
205,1440,1440,0
206,1450,1440,10
207,1440,1440,0
208,1420,1440,-20
209,1440,1440,0
210,1450,1430,20
211,1430,1430,0
212,1430,1430,0
213,1430,1430,0
214,1450,1430,20
215,1430,1430,0
216,1440,1430,10
217,1450,1430,20
218,1420,1430,-10
219,1430,1430,0
220,1430,1430,0
221,1430,1430,0
222,1440,1430,10
223,1420,1430,-10
224,1390,1430,-40
225,1430,1430,0
226,1450,1430,20
227,1430,1430,0
228,1440,1430,10
229,1430,1430,0
230,1440,1430,10
231,1440,1430,10
232,1410,1430,-20
233,1420,1430,-10
234,1420,1430,-10
235,1430,1430,0
236,1430,1430,0
237,1420,1430,-10
238,1430,1430,0
239,1440,1430,10
240,1450,1420,30
241,1430,1420,10
242,1420,1420,0
243,1430,1420,10
244,1420,1420,0
245,1430,1420,10
246,1420,1420,0
247,1430,1420,10
248,1420,1420,0
249,1420,1420,0
250,1410,1420,-10
251,1410,1420,-10
252,1430,1420,10
253,1430,1420,10
254,1410,1420,-10
255,1420,1420,0
256,1420,1420,0
257,1410,1420,-10
258,1420,1420,0
259,1430,1420,10
260,1430,1420,10
261,1420,1420,0
262,1410,1420,-10
263,1430,1420,10
264,1440,1420,20
265,1410,1420,-10
266,1440,1420,20
267,1430,1420,10
268,1430,1420,10
269,1410,1420,-10
270,1400,1410,-10
271,1430,1410,20
272,1410,1410,0
273,1440,1410,30
274,1430,1410,20
275,1410,1410,0
276,1400,1410,-10
277,1410,1410,0
278,1420,1410,10
279,1390,1410,-20
280,1410,1410,0
281,1420,1410,10
282,1420,1410,10
283,1410,1410,0
284,1410,1410,0
285,1440,1410,30
286,1410,1410,0
287,1400,1410,-10
288,1410,1410,0
289,1400,1410,-10
290,1420,1410,10
291,1410,1410,0
292,1420,1410,10
293,1420,1410,10
294,1420,1410,10
295,1400,1410,-10
296,1410,1410,0
297,1410,1410,0
298,1390,1410,-20
299,1420,1410,10
300,1420,1400,20
301,1400,1400,0
302,1420,1400,20
303,1400,1400,0
304,1390,1400,-10
305,1400,1400,0
306,1420,1400,20
307,1400,1400,0
308,1400,1400,0
309,1390,1400,-10
310,1410,1400,10
311,1410,1400,10
312,1400,1400,0
313,1400,1400,0
314,1400,1400,0
315,1410,1400,10
316,1400,1400,0
317,1400,1400,0
318,1420,1400,20
319,1400,1400,0
320,1400,1400,0
321,1410,1400,10
322,1390,1400,-10
323,1400,1400,0
324,1410,1400,10
325,1420,1400,20
326,1400,1400,0
327,1410,1400,10
328,1430,1400,30
329,1400,1400,0
330,1390,1390,0
331,1400,1390,10
332,1370,1390,-20
333,1370,1390,-20
334,1410,1390,20
335,1390,1390,0
336,1420,1390,30
337,1380,1390,-10
338,1380,1390,-10
339,1420,1390,30
340,1400,1390,10
341,1410,1390,20
342,1380,1390,-10
343,1400,1390,10
344,1400,1390,10
345,1440,1390,50
346,1410,1390,20
347,1410,1390,20
348,1390,1390,0
349,1370,1390,-20
350,1390,1390,0
351,1380,1390,-10
352,1390,1390,0
353,1390,1390,0
354,1390,1390,0
355,1400,1390,10
356,1380,1390,-10
357,1300,1390,-90
358,1360,1390,-30
359,1390,1390,0
360,1390,1380,10
361,1380,1380,0
362,1380,1380,0
363,1380,1380,0
364,1400,1380,20
365,1380,1380,0
366,1370,1380,-10
367,1390,1380,10
368,1390,1380,10
369,1380,1380,0
370,1390,1380,10
371,1410,1380,30
372,1370,1380,-10
373,1380,1380,0
374,1360,1380,-20
375,1400,1380,20
376,1380,1380,0
377,1380,1380,0
378,1380,1380,0
379,1390,1380,10
380,1380,1380,0
381,1390,1380,10
382,1370,1380,-10
383,1360,1380,-20
384,1380,1380,0
385,1380,1380,0
386,1370,1380,-10
387,1380,1380,0
388,1400,1380,20
389,1400,1380,20
390,1380,1370,10
391,1370,1370,0
392,1370,1370,0
393,1380,1370,10
394,1380,1370,10
395,1360,1370,-10
396,1380,1370,10
397,1400,1370,30
398,1370,1370,0
399,1390,1370,20
400,1380,1370,10
401,1400,1370,30
402,1380,1370,10
403,1380,1370,10
404,1380,1370,10
405,1360,1370,-10
406,1370,1370,0
407,1370,1370,0
408,1380,1370,10
409,1360,1370,-10
410,1390,1370,20
411,1360,1370,-10
412,1370,1370,0
413,1370,1370,0
414,1400,1370,30
415,1390,1370,20
416,1300,1370,-70
417,1370,1370,0
418,1370,1370,0
419,1380,1370,10
420,1370,1360,10
421,1370,1360,10
422,1370,1360,10
423,1370,1360,10
424,1370,1360,10
425,1370,1360,10
426,1390,1360,30
427,1370,1360,10
428,1360,1360,0
429,1360,1360,0
430,1360,1360,0
431,1360,1360,0
432,1360,1360,0
433,1350,1360,-10
434,1370,1360,10
435,1360,1360,0
436,1360,1360,0
437,1360,1360,0
438,1350,1360,-10
439,1340,1360,-20
440,1360,1360,0
441,1370,1360,10
442,1370,1360,10
443,1360,1360,0
444,1360,1360,0
445,1370,1360,10
446,1350,1360,-10
447,1370,1360,10
448,1370,1360,10
449,1380,1360,20
450,1350,1350,0
451,1350,1350,0
452,1350,1350,0
453,1350,1350,0
454,1330,1350,-20
455,1350,1350,0
456,1350,1350,0
457,1360,1350,10
458,1360,1350,10
459,1340,1350,-10
460,1330,1350,-20
461,1360,1350,10
462,1350,1350,0
463,1380,1350,30
464,1350,1350,0
465,1350,1350,0
466,1350,1350,0
467,1340,1350,-10
468,1360,1350,10
469,1340,1350,-10
470,1350,1350,0
471,1350,1350,0
472,1360,1350,10
473,1360,1350,10
474,1340,1350,-10
475,1340,1350,-10
476,1370,1350,20
477,1360,1350,10
478,1360,1350,10
479,1360,1350,10
480,1350,1340,10
481,1340,1340,0
482,1350,1340,10
483,1350,1340,10
484,1360,1340,20
485,1370,1340,30
486,1350,1340,10
487,1360,1340,20
488,1340,1340,0
489,1320,1340,-20
490,1350,1340,10
491,1350,1340,10
492,1340,1340,0
493,1350,1340,10
494,1360,1340,20
495,1330,1340,-10
496,1330,1340,-10
497,1340,1340,0
498,1340,1340,0
499,1350,1340,10
500,1370,1340,30
501,1350,1340,10
502,1320,1340,-20
503,1320,1340,-20
504,1350,1340,10
505,1340,1340,0
506,1370,1340,30
507,1330,1340,-10
508,1350,1340,10
509,1330,1340,-10
510,1340,1330,10
511,1330,1330,0
512,1310,1330,-20
513,1320,1330,-10
514,1310,1330,-20
515,1290,1330,-40
516,1330,1330,0
517,1360,1330,30
518,1330,1330,0
519,1320,1330,-10
520,1330,1330,0
521,1340,1330,10
522,1340,1330,10
523,1310,1330,-20
524,1350,1330,20
525,1340,1330,10
526,1320,1330,-10
527,1340,1330,10
528,1330,1330,0
529,1330,1330,0
530,1340,1330,10
531,1330,1330,0
532,1330,1330,0
533,1340,1330,10
534,1320,1330,-10
535,1320,1330,-10
536,1310,1330,-20
537,1340,1330,10
538,1330,1330,0
539,1340,1330,10
540,1330,1320,10
541,1340,1320,20
542,1320,1320,0
543,1330,1320,10
544,1340,1320,20
545,1320,1320,0
546,1320,1320,0
547,1330,1320,10
548,1320,1320,0
549,1320,1320,0
550,1310,1320,-10
551,1330,1320,10
552,1320,1320,0
553,1320,1320,0
554,1320,1320,0
555,1320,1320,0
556,1330,1320,10
557,1330,1320,10
558,1310,1320,-10
559,1330,1320,10
560,1340,1320,20
561,1330,1320,10
562,1320,1320,0
563,1320,1320,0
564,1320,1320,0
565,1310,1320,-10
566,1310,1320,-10
567,1310,1320,-10
568,1340,1320,20
569,1320,1320,0
570,1300,1310,-10
571,1310,1310,0
572,1310,1310,0
573,1300,1310,-10
574,1300,1310,-10
575,1310,1310,0
576,1320,1310,10
577,1310,1310,0
578,1320,1310,10
579,1310,1310,0
580,1300,1310,-10
581,1330,1310,20
582,1290,1310,-20
583,1300,1310,-10
584,1310,1310,0
585,1320,1310,10
586,1330,1310,20
587,1300,1310,-10
588,1300,1310,-10
589,1310,1310,0
590,1300,1310,-10
591,1320,1310,10
592,1290,1310,-20
593,1320,1310,10
594,1330,1310,20
595,1310,1310,0
596,1300,1310,-10
597,1300,1310,-10
598,1310,1310,0
599,1330,1310,20
600,1310,1300,10
601,1310,1300,10
602,1290,1300,-10
603,1310,1300,10
604,1290,1300,-10
605,1310,1300,10
606,1310,1300,10
607,1280,1300,-20
608,1300,1300,0
609,1290,1300,-10
610,1290,1300,-10
611,1320,1300,20
612,1300,1300,0
613,1310,1300,10
614,1290,1300,-10
615,1320,1300,20
616,1300,1300,0
617,1280,1300,-20
618,1310,1300,10
619,1300,1300,0
620,1280,1300,-20
621,1290,1300,-10
622,1300,1300,0
623,1270,1300,-30
624,1300,1300,0
625,1300,1300,0
626,1300,1300,0
627,1310,1300,10
628,1290,1300,-10
629,1300,1300,0
630,1300,1290,10
631,1300,1290,10
632,1300,1290,10
633,1300,1290,10
634,1300,1290,10
635,1270,1290,-20
636,1300,1290,10
637,1310,1290,20
638,1280,1290,-10
639,1290,1290,0
640,1300,1290,10
641,1280,1290,-10
642,1300,1290,10
643,1290,1290,0
644,1290,1290,0
645,1290,1290,0
646,1300,1290,10
647,1290,1290,0
648,1280,1290,-10
649,1270,1290,-20
650,1280,1290,-10
651,1300,1290,10
652,1290,1290,0
653,1300,1290,10
654,1290,1290,0
655,1290,1290,0
656,1280,1290,-10
657,1290,1290,0
658,1270,1290,-20
659,1300,1290,10
660,1250,1280,-30
661,1290,1280,10
662,1290,1280,10
663,1290,1280,10
664,1260,1280,-20
665,1300,1280,20
666,1290,1280,10
667,1280,1280,0
668,1260,1280,-20
669,1260,1280,-20
670,1280,1280,0
671,1280,1280,0
672,1290,1280,10
673,1270,1280,-10
674,1280,1280,0
675,1280,1280,0
676,1270,1280,-10
677,1270,1280,-10
678,1280,1280,0
679,1290,1280,10
680,1280,1280,0
681,1310,1280,30
682,1270,1280,-10
683,1290,1280,10
684,1290,1280,10
685,1280,1280,0
686,1280,1280,0
687,1270,1280,-10
688,1280,1280,0
689,1260,1280,-20
690,1280,1270,10
691,1280,1270,10
692,1270,1270,0
693,1270,1270,0
694,1280,1270,10
695,1270,1270,0
696,1260,1270,-10
697,1290,1270,20
698,1260,1270,-10
699,1270,1270,0
700,1290,1270,20
701,1270,1270,0
702,1270,1270,0
703,1290,1270,20
704,1290,1270,20
705,1270,1270,0
706,1260,1270,-10
707,1290,1270,20
708,1260,1270,-10
709,1280,1270,10
710,1270,1270,0
711,1270,1270,0
712,1280,1270,10
713,1280,1270,10
714,1270,1270,0
715,1250,1270,-20
716,1270,1270,0
717,1270,1270,0
718,1270,1270,0
719,1270,1270,0
720,1250,1260,-10
721,1260,1260,0
722,1270,1260,10
723,1260,1260,0
724,1260,1260,0
725,1250,1260,-10
726,1250,1260,-10
727,1250,1260,-10
728,1270,1260,10
729,1250,1260,-10
730,1260,1260,0
731,1260,1260,0
732,1280,1260,20
733,1250,1260,-10
734,1280,1260,20
735,1260,1260,0
736,1230,1260,-30
737,1260,1260,0
738,1250,1260,-10
739,1220,1260,-40
740,1270,1260,10
741,1270,1260,10
742,1240,1260,-20
743,1260,1260,0
744,1250,1260,-10
745,1260,1260,0
746,1250,1260,-10
747,1250,1260,-10
748,1280,1260,20
749,1270,1260,10
750,1240,1250,-10
751,1250,1250,0
752,1240,1250,-10
753,1250,1250,0
754,1240,1250,-10
755,1260,1250,10
756,1220,1250,-30
757,1250,1250,0
758,1260,1250,10
759,1250,1250,0
760,1240,1250,-10
761,1270,1250,20
762,1270,1250,20
763,1250,1250,0
764,1250,1250,0
765,1230,1250,-20
766,1250,1250,0
767,1260,1250,10
768,1250,1250,0
769,1260,1250,10
770,1240,1250,-10
771,1250,1250,0
772,1250,1250,0
773,1240,1250,-10
774,1240,1250,-10
775,1260,1250,10
776,1250,1250,0
777,1220,1250,-30
778,1250,1250,0
779,1240,1250,-10
780,1240,1240,0
781,1230,1240,-10
782,1240,1240,0
783,1230,1240,-10
784,1240,1240,0
785,1230,1240,-10
786,1260,1240,20
787,1250,1240,10
788,1240,1240,0
789,1230,1240,-10
790,1230,1240,-10
791,1230,1240,-10
792,1200,1240,-40
793,1230,1240,-10
794,1230,1240,-10
795,1260,1240,20
796,1250,1240,10
797,1230,1240,-10
798,1230,1240,-10
799,1230,1240,-10
800,1250,1240,10
801,1240,1240,0
802,1250,1240,10
803,1250,1240,10
804,1240,1240,0
805,1250,1240,10
806,1230,1240,-10
807,1220,1240,-20
808,1240,1240,0
809,1230,1240,-10
810,1230,1230,0
811,1240,1230,10
812,1220,1230,-10
813,1240,1230,10
814,1190,1230,-40
815,1220,1230,-10
816,1250,1230,20
817,1230,1230,0
818,1220,1230,-10
819,1230,1230,0
820,1230,1230,0
821,1230,1230,0
822,1230,1230,0
823,1220,1230,-10
824,1230,1230,0
825,1230,1230,0
826,1240,1230,10
827,1210,1230,-20
828,1220,1230,-10
829,1230,1230,0
830,1230,1230,0
831,1220,1230,-10
832,1210,1230,-20
833,1230,1230,0
834,1230,1230,0
835,1220,1230,-10
836,1220,1230,-10
837,1220,1230,-10
838,1240,1230,10
839,1240,1230,10
840,1220,1220,0
841,1210,1220,-10
842,1240,1220,20
843,1220,1220,0
844,1230,1220,10
845,1210,1220,-10
846,1240,1220,20
847,1220,1220,0
848,1220,1220,0
849,1230,1220,10
850,1210,1220,-10
851,1210,1220,-10
852,1230,1220,10
853,1210,1220,-10
854,1220,1220,0
855,1220,1220,0
856,1210,1220,-10
857,1240,1220,20
858,1220,1220,0
859,1210,1220,-10
860,1220,1220,0
861,1210,1220,-10
862,1230,1220,10
863,1220,1220,0
864,1220,1220,0
865,1200,1220,-20
866,1210,1220,-10
867,1210,1220,-10
868,1220,1220,0
869,1220,1220,0
870,1230,1210,20
871,1190,1210,-20
872,1200,1210,-10
873,1200,1210,-10
874,1210,1210,0
875,1220,1210,10
876,1200,1210,-10
877,1220,1210,10
878,1200,1210,-10
879,1210,1210,0
880,1210,1210,0
881,1200,1210,-10
882,1200,1210,-10
883,1230,1210,20
884,1190,1210,-20
885,1210,1210,0
886,1200,1210,-10
887,1230,1210,20
888,1230,1210,20
889,1230,1210,20
890,1220,1210,10
891,1200,1210,-10
892,1220,1210,10
893,1210,1210,0
894,1190,1210,-20
895,1210,1210,0
896,1210,1210,0
897,1220,1210,10
898,1200,1210,-10
899,1200,1210,-10
900,1210,1200,10
901,1190,1200,-10
902,1190,1200,-10
903,1200,1200,0
904,1200,1200,0
905,1210,1200,10
906,1220,1200,20
907,1190,1200,-10
908,1170,1200,-30
909,1190,1200,-10
910,1200,1200,0
911,1210,1200,10
912,1200,1200,0
913,1210,1200,10
914,1200,1200,0
915,1190,1200,-10
916,1190,1200,-10
917,1220,1200,20
918,1180,1200,-20
919,1220,1200,20
920,1190,1200,-10
921,1180,1200,-20
922,1200,1200,0
923,1160,1200,-40
924,1200,1200,0
925,1210,1200,10
926,1190,1200,-10
927,1200,1200,0
928,1220,1200,20
929,1190,1200,-10
930,1200,1190,10
931,1190,1190,0
932,1180,1190,-10
933,1170,1190,-20
934,1220,1190,30
935,1180,1190,-10
936,1210,1190,20
937,1170,1190,-20
938,1200,1190,10
939,1200,1190,10
940,1200,1190,10
941,1170,1190,-20
942,1190,1190,0
943,1200,1190,10
944,1200,1190,10
945,1170,1190,-20
946,1210,1190,20
947,1190,1190,0
948,1200,1190,10
949,1160,1190,-30
950,1200,1190,10
951,1190,1190,0
952,1180,1190,-10
953,1180,1190,-10
954,1180,1190,-10
955,1180,1190,-10
956,1180,1190,-10
957,1180,1190,-10
958,1170,1190,-20
959,1190,1190,0
960,1180,1180,0
961,1180,1180,0
962,1130,1180,-50
963,1190,1180,10
964,1180,1180,0
965,1170,1180,-10
966,1200,1180,20
967,1170,1180,-10
968,1180,1180,0
969,1180,1180,0
970,1190,1180,10
971,1180,1180,0
972,1180,1180,0
973,1130,1180,-50
974,1180,1180,0
975,1180,1180,0
976,1150,1180,-30
977,1170,1180,-10
978,1190,1180,10
979,1190,1180,10
980,1140,1180,-40
981,1180,1180,0
982,1180,1180,0
983,1190,1180,10
984,1170,1180,-10
985,1170,1180,-10
986,1180,1180,0
987,1180,1180,0
988,1170,1180,-10
989,1180,1180,0
990,1170,1170,0
991,1160,1170,-10
992,1190,1170,20
993,1170,1170,0
994,1160,1170,-10
995,1150,1170,-20
996,1180,1170,10
997,1180,1170,10
998,1160,1170,-10
999,1170,1170,0
1000,1170,1170,0
1001,1180,1170,10
1002,1170,1170,0
1003,1170,1170,0
1004,1160,1170,-10
1005,1170,1170,0
1006,1160,1170,-10
1007,1160,1170,-10
1008,1170,1170,0
1009,1180,1170,10
1010,1180,1170,10
1011,1190,1170,20
1012,1180,1170,10
1013,1160,1170,-10
1014,1130,1170,-40
1015,1140,1170,-30
1016,1180,1170,10
1017,1190,1170,20
1018,1180,1170,10
1019,1160,1170,-10
1020,1170,1160,10
1021,1160,1160,0
1022,1150,1160,-10
1023,1150,1160,-10
1024,1160,1160,0
1025,1170,1160,10
1026,1150,1160,-10
1027,1150,1160,-10
1028,1160,1160,0
1029,1170,1160,10
1030,1170,1160,10
1031,1160,1160,0
1032,1170,1160,10
1033,1160,1160,0
1034,1170,1160,10
1035,1170,1160,10
1036,1140,1160,-20
1037,1160,1160,0
1038,1150,1160,-10
1039,1160,1160,0
1040,1160,1160,0
1041,1160,1160,0
1042,1160,1160,0
1043,1170,1160,10
1044,1170,1160,10
1045,1160,1160,0
1046,1170,1160,10
1047,1160,1160,0
1048,1150,1160,-10
1049,1160,1160,0
1050,1160,1150,10
1051,1140,1150,-10
1052,1160,1150,10
1053,1160,1150,10
1054,1160,1150,10
1055,1170,1150,20
1056,1160,1150,10
1057,1130,1150,-20
1058,1140,1150,-10
1059,1150,1150,0
1060,1160,1150,10
1061,1140,1150,-10
1062,1170,1150,20
1063,1170,1150,20
1064,1160,1150,10
1065,1130,1150,-20
1066,1160,1150,10
1067,1160,1150,10
1068,1150,1150,0
1069,1140,1150,-10
1070,1150,1150,0
1071,1150,1150,0
1072,1150,1150,0
1073,1160,1150,10
1074,1170,1150,20
1075,1130,1150,-20
1076,1160,1150,10
1077,1160,1150,10
1078,1140,1150,-10
1079,1170,1150,20
1080,1150,1140,10
1081,1130,1140,-10
1082,1140,1140,0
1083,1150,1140,10
1084,1150,1140,10
1085,1140,1140,0
1086,1130,1140,-10
1087,1160,1140,20
1088,1140,1140,0
1089,1140,1140,0
1090,1120,1140,-20
1091,1150,1140,10
1092,1150,1140,10
1093,1140,1140,0
1094,1140,1140,0
1095,1130,1140,-10
1096,1140,1140,0
1097,1130,1140,-10
1098,1140,1140,0
1099,1140,1140,0
1100,1060,1140,-80
1101,1140,1140,0
1102,1140,1140,0
1103,1120,1140,-20
1104,1150,1140,10
1105,1140,1140,0
1106,1130,1140,-10
1107,1130,1140,-10
1108,1150,1140,10
1109,1150,1140,10
1110,1130,1130,0
1111,1130,1130,0
1112,1130,1130,0
1113,1130,1130,0
1114,1140,1130,10
1115,1120,1130,-10
1116,1140,1130,10
1117,1130,1130,0
1118,1140,1130,10
1119,1150,1130,20
1120,1120,1130,-10
1121,1130,1130,0
1122,1160,1130,30
1123,1140,1130,10
1124,1120,1130,-10
1125,1110,1130,-20
1126,1120,1130,-10
1127,1140,1130,10
1128,1130,1130,0
1129,1140,1130,10
1130,1120,1130,-10
1131,1150,1130,20
1132,1130,1130,0
1133,1110,1130,-20
1134,1130,1130,0
1135,1130,1130,0
1136,1120,1130,-10
1137,1100,1130,-30
1138,1150,1130,20
1139,1140,1130,10
1140,1130,1120,10
1141,1110,1120,-10
1142,1120,1120,0
1143,1140,1120,20
1144,1120,1120,0
1145,1110,1120,-10
1146,1120,1120,0
1147,1130,1120,10
1148,1080,1120,-40
1149,1110,1120,-10
1150,1130,1120,10
1151,1110,1120,-10
1152,1110,1120,-10
1153,1140,1120,20
1154,1120,1120,0
1155,1110,1120,-10
1156,1110,1120,-10
1157,1110,1120,-10
1158,1120,1120,0
1159,1130,1120,10
1160,1110,1120,-10
1161,1110,1120,-10
1162,1120,1120,0
1163,1110,1120,-10
1164,1130,1120,10
1165,1140,1120,20
1166,1130,1120,10
1167,1130,1120,10
1168,1110,1120,-10
1169,1120,1120,0
1170,1110,1110,0
1171,1100,1110,-10
1172,1100,1110,-10
1173,1100,1110,-10
1174,1100,1110,-10
1175,1100,1110,-10
1176,1110,1110,0
1177,1110,1110,0
1178,1100,1110,-10
1179,1130,1110,20
1180,1130,1110,20
1181,1110,1110,0
1182,1080,1110,-30
1183,1090,1110,-20
1184,1110,1110,0
1185,1110,1110,0
1186,1100,1110,-10
1187,1120,1110,10
1188,1110,1110,0
1189,1120,1110,10
1190,1100,1110,-10
1191,1120,1110,10
1192,1090,1110,-20
1193,1100,1110,-10
1194,1130,1110,20
1195,1110,1110,0
1196,1100,1110,-10
1197,1100,1110,-10
1198,1100,1110,-10
1199,1110,1110,0
1200,1120,1100,20
1201,1120,1100,20
1202,1100,1100,0
1203,1100,1100,0
1204,1110,1100,10
1205,1110,1100,10
1206,1090,1100,-10
1207,1100,1100,0
1208,1100,1100,0
1209,1090,1100,-10
1210,1110,1100,10
1211,1110,1100,10
1212,1120,1100,20
1213,1100,1100,0
1214,1110,1100,10
1215,1110,1100,10
1216,1110,1100,10
1217,1100,1100,0
1218,1100,1100,0
1219,1110,1100,10
1220,1110,1100,10
1221,1080,1100,-20
1222,1110,1100,10
1223,1110,1100,10
1224,1090,1100,-10
1225,1090,1100,-10
1226,1120,1100,20
1227,1110,1100,10
1228,1090,1100,-10
1229,1090,1100,-10
1230,1090,1090,0
1231,1090,1090,0
1232,1090,1090,0
1233,1100,1090,10
1234,1080,1090,-10
1235,1100,1090,10
1236,1090,1090,0
1237,1090,1090,0
1238,1090,1090,0
1239,1110,1090,20
1240,1110,1090,20
1241,1100,1090,10
1242,1090,1090,0
1243,1090,1090,0
1244,1080,1090,-10
1245,1070,1090,-20
1246,1110,1090,20
1247,1080,1090,-10
1248,1090,1090,0
1249,1100,1090,10
1250,1100,1090,10
1251,1080,1090,-10
1252,1090,1090,0
1253,1070,1090,-20
1254,1080,1090,-10
1255,1110,1090,20
1256,1120,1090,30
1257,1080,1090,-10
1258,1080,1090,-10
1259,1110,1090,20
1260,1030,1080,-50
1261,1070,1080,-10
1262,1080,1080,0
1263,1080,1080,0
1264,1080,1080,0
1265,1040,1080,-40
1266,1070,1080,-10
1267,1100,1080,20
1268,1070,1080,-10
1269,1080,1080,0
1270,1100,1080,20
1271,1090,1080,10
1272,1100,1080,20
1273,1080,1080,0
1274,1070,1080,-10
1275,1080,1080,0
1276,1070,1080,-10
1277,1090,1080,10
1278,1100,1080,20
1279,1090,1080,10
1280,1070,1080,-10
1281,1060,1080,-20
1282,1090,1080,10
1283,1090,1080,10
1284,1070,1080,-10
1285,1070,1080,-10
1286,1090,1080,10
1287,1080,1080,0
1288,1080,1080,0
1289,1080,1080,0
1290,1070,1070,0
1291,1080,1070,10
1292,1070,1070,0
1293,1080,1070,10
1294,1070,1070,0
1295,1090,1070,20
1296,1060,1070,-10
1297,1080,1070,10
1298,1050,1070,-20
1299,1060,1070,-10
1300,1070,1070,0
1301,1070,1070,0
1302,1080,1070,10
1303,1080,1070,10
1304,1070,1070,0
1305,1080,1070,10
1306,1070,1070,0
1307,1090,1070,20
1308,1070,1070,0
1309,1060,1070,-10
1310,1080,1070,10
1311,1060,1070,-10
1312,1070,1070,0
1313,1070,1070,0
1314,1080,1070,10
1315,1090,1070,20
1316,1060,1070,-10
1317,1080,1070,10
1318,1070,1070,0
1319,1050,1070,-20
1320,1060,1060,0
1321,1070,1060,10
1322,1040,1060,-20
1323,1070,1060,10
1324,1060,1060,0
1325,1060,1060,0
1326,1080,1060,20
1327,1070,1060,10
1328,1060,1060,0
1329,1070,1060,10
1330,1080,1060,20
1331,1070,1060,10
1332,1040,1060,-20
1333,1070,1060,10
1334,1040,1060,-20
1335,1060,1060,0
1336,1060,1060,0
1337,1070,1060,10
1338,1060,1060,0
1339,1060,1060,0
1340,1040,1060,-20
1341,1060,1060,0
1342,1060,1060,0
1343,1060,1060,0
1344,1050,1060,-10
1345,1050,1060,-10
1346,1050,1060,-10
1347,1060,1060,0
1348,1050,1060,-10
1349,1090,1060,30
1350,1060,1050,10
1351,1050,1050,0
1352,1060,1050,10
1353,1060,1050,10
1354,1050,1050,0
1355,1040,1050,-10
1356,1050,1050,0
1357,1050,1050,0
1358,1050,1050,0
1359,1050,1050,0
1360,1040,1050,-10
1361,1030,1050,-20
1362,1070,1050,20
1363,1050,1050,0
1364,1050,1050,0
1365,1060,1050,10
1366,1050,1050,0
1367,1060,1050,10
1368,1030,1050,-20
1369,1050,1050,0
1370,1040,1050,-10
1371,1040,1050,-10
1372,1060,1050,10
1373,1060,1050,10
1374,1050,1050,0
1375,1040,1050,-10
1376,1050,1050,0
1377,1040,1050,-10
1378,1050,1050,0
1379,1050,1050,0
1380,1040,1040,0
1381,1040,1040,0
1382,1030,1040,-10
1383,1020,1040,-20
1384,1040,1040,0
1385,1040,1040,0
1386,1050,1040,10
1387,1040,1040,0
1388,1030,1040,-10
1389,1020,1040,-20
1390,1040,1040,0
1391,1030,1040,-10
1392,1030,1040,-10
1393,1050,1040,10
1394,1040,1040,0
1395,1040,1040,0
1396,1020,1040,-20
1397,1010,1040,-30
1398,1060,1040,20
1399,1040,1040,0
1400,1040,1040,0
1401,1050,1040,10
1402,1020,1040,-20
1403,1040,1040,0
1404,1050,1040,10
1405,1040,1040,0
1406,1030,1040,-10
1407,1040,1040,0
1408,1040,1040,0
1409,1040,1040,0
1410,1030,1030,0
1411,1040,1030,10
1412,1050,1030,20
1413,1030,1030,0
1414,1020,1030,-10
1415,1030,1030,0
1416,1030,1030,0
1417,1040,1030,10
1418,1030,1030,0
1419,1030,1030,0
1420,1030,1030,0
1421,1020,1030,-10
1422,1030,1030,0
1423,1020,1030,-10
1424,1030,1030,0
1425,1010,1030,-20
1426,1020,1030,-10
1427,1030,1030,0
1428,1040,1030,10
1429,1030,1030,0
1430,1030,1030,0
1431,1030,1030,0
1432,1030,1030,0
1433,1010,1030,-20
1434,1010,1030,-20
1435,1040,1030,10
1436,1020,1030,-10
1437,1030,1030,0
1438,1020,1030,-10
1439,1030,1030,0
1440,1030,1020,10
1441,1020,1020,0
1442,1010,1020,-10
1443,1030,1020,10
1444,1020,1020,0
1445,1020,1020,0
1446,1020,1020,0
1447,1030,1020,10
1448,1030,1020,10
1449,1020,1020,0
1450,1030,1020,10
1451,1030,1020,10
1452,1000,1020,-20
1453,1020,1020,0
1454,1030,1020,10
1455,1000,1020,-20
1456,1030,1020,10
1457,1020,1020,0
1458,1020,1020,0
1459,1040,1020,20
1460,1010,1020,-10
1461,1020,1020,0
1462,1020,1020,0
1463,1020,1020,0
1464,1030,1020,10
1465,1020,1020,0
1466,1020,1020,0
1467,1020,1020,0
1468,1030,1020,10
1469,1030,1020,10
1470,1010,1010,0
1471,1020,1010,10
1472,1010,1010,0
1473,1010,1010,0
1474,1010,1010,0
1475,1010,1010,0
1476,1010,1010,0
1477,1020,1010,10
1478,1000,1010,-10
1479,1010,1010,0
1480,1010,1010,0
1481,1000,1010,-10
1482,990,1010,-20
1483,1000,1010,-10
1484,1020,1010,10
1485,1030,1010,20
1486,1010,1010,0
1487,1030,1010,20
1488,1020,1010,10
1489,1020,1010,10
1490,1010,1010,0
1491,1020,1010,10
1492,1000,1010,-10
1493,1030,1010,20
1494,1000,1010,-10
1495,1020,1010,10
1496,1010,1010,0
1497,1020,1010,10
1498,1000,1010,-10
1499,1010,1010,0
1500,1000,1000,0
1501,990,1000,-10
1502,1000,1000,0
1503,990,1000,-10
1504,1000,1000,0
1505,1000,1000,0
1506,1010,1000,10
1507,1020,1000,20
1508,1000,1000,0
1509,1000,1000,0
1510,1020,1000,20
1511,1000,1000,0
1512,1000,1000,0
1513,970,1000,-30
1514,1010,1000,10
1515,1030,1000,30
1516,1000,1000,0
1517,990,1000,-10
1518,1000,1000,0
1519,990,1000,-10
1520,1030,1000,30
1521,1010,1000,10
1522,1000,1000,0
1523,990,1000,-10
1524,990,1000,-10
1525,990,1000,-10
1526,1000,1000,0
1527,1000,1000,0
1528,1000,1000,0
1529,1000,1000,0
1530,980,990,-10
1531,980,990,-10
1532,1000,990,10
1533,980,990,-10
1534,990,990,0
1535,1000,990,10
1536,980,990,-10
1537,990,990,0
1538,990,990,0
1539,990,990,0
1540,1020,990,30
1541,980,990,-10
1542,1000,990,10
1543,980,990,-10
1544,970,990,-20
1545,950,990,-40
1546,990,990,0
1547,990,990,0
1548,980,990,-10
1549,980,990,-10
1550,980,990,-10
1551,990,990,0
1552,980,990,-10
1553,1000,990,10
1554,980,990,-10
1555,990,990,0
1556,1010,990,20
1557,990,990,0
1558,1000,990,10
1559,990,990,0
1560,990,980,10
1561,1000,980,20
1562,990,980,10
1563,960,980,-20
1564,1000,980,20
1565,1000,980,20
1566,980,980,0
1567,990,980,10
1568,990,980,10
1569,980,980,0
1570,980,980,0
1571,980,980,0
1572,980,980,0
1573,980,980,0
1574,960,980,-20
1575,980,980,0
1576,980,980,0
1577,980,980,0
1578,970,980,-10
1579,980,980,0
1580,1000,980,20
1581,990,980,10
1582,980,980,0
1583,960,980,-20
1584,980,980,0
1585,980,980,0
1586,980,980,0
1587,970,980,-10
1588,980,980,0
1589,970,980,-10
1590,960,970,-10
1591,980,970,10
1592,970,970,0
1593,970,970,0
1594,970,970,0
1595,980,970,10
1596,970,970,0
1597,980,970,10
1598,960,970,-10
1599,980,970,10
1600,960,970,-10
1601,970,970,0
1602,970,970,0
1603,980,970,10
1604,970,970,0
1605,990,970,20
1606,980,970,10
1607,960,970,-10
1608,960,970,-10
1609,960,970,-10
1610,970,970,0
1611,960,970,-10
1612,910,970,-60
1613,960,970,-10
1614,970,970,0
1615,980,970,10
1616,980,970,10
1617,980,970,10
1618,960,970,-10
1619,970,970,0
1620,960,960,0
1621,970,960,10
1622,950,960,-10
1623,960,960,0
1624,950,960,-10
1625,960,960,0
1626,970,960,10
1627,980,960,20
1628,960,960,0
1629,970,960,10
1630,950,960,-10
1631,970,960,10
1632,970,960,10
1633,950,960,-10
1634,990,960,30
1635,960,960,0
1636,960,960,0
1637,940,960,-20
1638,950,960,-10
1639,950,960,-10
1640,960,960,0
1641,970,960,10
1642,960,960,0
1643,950,960,-10
1644,960,960,0
1645,950,960,-10
1646,950,960,-10
1647,970,960,10
1648,950,960,-10
1649,960,960,0
1650,970,950,20
1651,950,950,0
1652,970,950,20
1653,930,950,-20
1654,960,950,10
1655,950,950,0
1656,940,950,-10
1657,950,950,0
1658,960,950,10
1659,940,950,-10
1660,960,950,10
1661,940,950,-10
1662,950,950,0
1663,940,950,-10
1664,950,950,0
1665,950,950,0
1666,950,950,0
1667,960,950,10
1668,940,950,-10
1669,950,950,0
1670,950,950,0
1671,950,950,0
1672,950,950,0
1673,950,950,0
1674,950,950,0
1675,960,950,10
1676,950,950,0
1677,940,950,-10
1678,940,950,-10
1679,950,950,0
1680,940,940,0
1681,930,940,-10
1682,930,940,-10
1683,960,940,20
1684,940,940,0
1685,930,940,-10
1686,950,940,10
1687,930,940,-10
1688,940,940,0
1689,940,940,0
1690,910,940,-30
1691,930,940,-10
1692,940,940,0
1693,940,940,0
1694,960,940,20
1695,930,940,-10
1696,960,940,20
1697,940,940,0
1698,960,940,20
1699,920,940,-20
1700,940,940,0
1701,940,940,0
1702,940,940,0
1703,950,940,10
1704,950,940,10
1705,930,940,-10
1706,950,940,10
1707,940,940,0
1708,940,940,0
1709,940,940,0
1710,930,930,0
1711,900,930,-30
1712,940,930,10
1713,940,930,10
1714,910,930,-20
1715,930,930,0
1716,940,930,10
1717,930,930,0
1718,920,930,-10
1719,940,930,10
1720,950,930,20
1721,930,930,0
1722,940,930,10
1723,920,930,-10
1724,930,930,0
1725,930,930,0
1726,930,930,0
1727,940,930,10
1728,900,930,-30
1729,930,930,0
1730,940,930,10
1731,930,930,0
1732,920,930,-10
1733,930,930,0
1734,940,930,10
1735,930,930,0
1736,910,930,-20
1737,920,930,-10
1738,940,930,10
1739,940,930,10
1740,910,920,-10
1741,910,920,-10
1742,910,920,-10
1743,920,920,0
1744,930,920,10
1745,910,920,-10
1746,920,920,0
1747,920,920,0
1748,920,920,0
1749,900,920,-20
1750,930,920,10
1751,900,920,-20
1752,920,920,0
1753,940,920,20
1754,920,920,0
1755,930,920,10
1756,920,920,0
1757,930,920,10
1758,920,920,0
1759,900,920,-20
1760,930,920,10
1761,930,920,10
1762,930,920,10
1763,920,920,0
1764,920,920,0
1765,910,920,-10
1766,930,920,10
1767,920,920,0
1768,940,920,20
1769,930,920,10
1770,900,910,-10
1771,910,910,0
1772,910,910,0
1773,890,910,-20
1774,920,910,10
1775,900,910,-10
1776,900,910,-10
1777,890,910,-20
1778,900,910,-10
1779,920,910,10
1780,930,910,20
1781,930,910,20
1782,900,910,-10
1783,900,910,-10
1784,910,910,0
1785,920,910,10
1786,900,910,-10
1787,900,910,-10
1788,910,910,0
1789,910,910,0
1790,930,910,20
1791,900,910,-10
1792,900,910,-10
1793,900,910,-10
1794,910,910,0
1795,890,910,-20
1796,920,910,10
1797,910,910,0
1798,920,910,10
1799,900,910,-10
1800,920,900,20
1801,900,900,0
1802,900,900,0
1803,900,900,0
1804,920,900,20
1805,910,900,10
1806,880,900,-20
1807,890,900,-10
1808,890,900,-10
1809,910,900,10
1810,900,900,0
1811,910,900,10
1812,890,900,-10
1813,880,900,-20
1814,900,900,0
1815,910,900,10
1816,900,900,0
1817,900,900,0
1818,900,900,0
1819,890,900,-10
1820,900,900,0
1821,900,900,0
1822,900,900,0
1823,900,900,0
1824,880,900,-20
1825,910,900,10
1826,900,900,0
1827,900,900,0
1828,900,900,0
1829,910,900,10
1830,890,890,0
1831,890,890,0
1832,900,890,10
1833,880,890,-10
1834,880,890,-10
1835,900,890,10
1836,870,890,-20
1837,890,890,0
1838,870,890,-20
1839,880,890,-10
1840,890,890,0
1841,910,890,20
1842,890,890,0
1843,890,890,0
1844,900,890,10
1845,900,890,10
1846,890,890,0
1847,910,890,20
1848,900,890,10
1849,890,890,0
1850,890,890,0
1851,890,890,0
1852,890,890,0
1853,880,890,-10
1854,890,890,0
1855,890,890,0
1856,890,890,0
1857,880,890,-10
1858,900,890,10
1859,870,890,-20
1860,880,880,0
1861,870,880,-10
1862,870,880,-10
1863,890,880,10
1864,870,880,-10
1865,860,880,-20
1866,900,880,20
1867,870,880,-10
1868,890,880,10
1869,890,880,10
1870,880,880,0
1871,880,880,0
1872,890,880,10
1873,890,880,10
1874,880,880,0
1875,870,880,-10
1876,880,880,0
1877,870,880,-10
1878,880,880,0
1879,870,880,-10
1880,890,880,10
1881,880,880,0
1882,880,880,0
1883,880,880,0
1884,880,880,0
1885,880,880,0
1886,880,880,0
1887,900,880,20
1888,870,880,-10
1889,880,880,0
1890,860,870,-10
1891,870,870,0
1892,880,870,10
1893,870,870,0
1894,880,870,10
1895,880,870,10
1896,880,870,10
1897,870,870,0
1898,840,870,-30
1899,880,870,10
1900,860,870,-10
1901,870,870,0
1902,870,870,0
1903,870,870,0
1904,860,870,-10
1905,870,870,0
1906,880,870,10
1907,890,870,20
1908,870,870,0
1909,860,870,-10
1910,880,870,10
1911,900,870,30
1912,840,870,-30
1913,870,870,0
1914,870,870,0
1915,860,870,-10
1916,870,870,0
1917,850,870,-20
1918,870,870,0
1919,870,870,0
1920,850,860,-10
1921,880,860,20
1922,840,860,-20
1923,860,860,0
1924,860,860,0
1925,850,860,-10
1926,850,860,-10
1927,860,860,0
1928,870,860,10
1929,850,860,-10
1930,870,860,10
1931,860,860,0
1932,860,860,0
1933,870,860,10
1934,850,860,-10
1935,870,860,10
1936,860,860,0
1937,860,860,0
1938,840,860,-20
1939,860,860,0
1940,860,860,0
1941,870,860,10
1942,860,860,0
1943,850,860,-10
1944,850,860,-10
1945,850,860,-10
1946,850,860,-10
1947,850,860,-10
1948,860,860,0
1949,850,860,-10
1950,850,850,0
1951,840,850,-10
1952,860,850,10
1953,850,850,0
1954,840,850,-10
1955,840,850,-10
1956,860,850,10
1957,840,850,-10
1958,850,850,0
1959,860,850,10
1960,850,850,0
1961,840,850,-10
1962,850,850,0
1963,840,850,-10
1964,860,850,10
1965,840,850,-10
1966,870,850,20
1967,860,850,10
1968,870,850,20
1969,840,850,-10
1970,850,850,0
1971,840,850,-10
1972,860,850,10
1973,850,850,0
1974,850,850,0
1975,870,850,20
1976,860,850,10
1977,810,850,-40
1978,870,850,20
1979,840,850,-10
1980,840,840,0
1981,820,840,-20
1982,830,840,-10
1983,850,840,10
1984,840,840,0
1985,820,840,-20
1986,830,840,-10
1987,840,840,0
1988,830,840,-10
1989,840,840,0
1990,840,840,0
1991,840,840,0
1992,830,840,-10
1993,820,840,-20
1994,830,840,-10
1995,840,840,0
1996,830,840,-10
1997,830,840,-10
1998,820,840,-20
1999,840,840,0
2000,830,840,-10
2001,850,840,10
2002,850,840,10
2003,840,840,0
2004,830,840,-10
2005,840,840,0
2006,830,840,-10
2007,830,840,-10
2008,830,840,-10
2009,840,840,0
2010,830,830,0
2011,840,830,10
2012,820,830,-10
2013,830,830,0
2014,840,830,10
2015,850,830,20
2016,830,830,0
2017,820,830,-10
2018,830,830,0
2019,830,830,0
2020,820,830,-10
2021,820,830,-10
2022,830,830,0
2023,810,830,-20
2024,820,830,-10
2025,850,830,20
2026,820,830,-10
2027,820,830,-10
2028,830,830,0
2029,810,830,-20
2030,810,830,-20
2031,830,830,0
2032,820,830,-10
2033,820,830,-10
2034,820,830,-10
2035,830,830,0
2036,820,830,-10
2037,830,830,0
2038,820,830,-10
2039,820,830,-10
2040,820,820,0
2041,830,820,10
2042,820,820,0
2043,810,820,-10
2044,820,820,0
2045,800,820,-20
2046,820,820,0
2047,840,820,20
2048,820,820,0
2049,810,820,-10
2050,840,820,20
2051,820,820,0
2052,820,820,0
2053,820,820,0
2054,810,820,-10
2055,770,820,-50
2056,830,820,10
2057,840,820,20
2058,830,820,10
2059,810,820,-10
2060,820,820,0
2061,820,820,0
2062,830,820,10
2063,820,820,0
2064,820,820,0
2065,830,820,10
2066,820,820,0
2067,800,820,-20
2068,820,820,0
2069,820,820,0
2070,810,810,0
2071,800,810,-10
2072,810,810,0
2073,800,810,-10
2074,810,810,0
2075,810,810,0
2076,810,810,0
2077,810,810,0
2078,770,810,-40
2079,810,810,0
2080,810,810,0
2081,820,810,10
2082,780,810,-30
2083,810,810,0
2084,810,810,0
2085,810,810,0
2086,810,810,0
2087,810,810,0
2088,820,810,10
2089,820,810,10
2090,810,810,0
2091,800,810,-10
2092,800,810,-10
2093,820,810,10
2094,810,810,0
2095,820,810,10
2096,810,810,0
2097,810,810,0
2098,810,810,0
2099,800,810,-10
2100,810,800,10
2101,800,800,0
2102,810,800,10
2103,800,800,0
2104,810,800,10
2105,800,800,0
2106,810,800,10
2107,810,800,10
2108,800,800,0
2109,800,800,0
2110,810,800,10
2111,800,800,0
2112,810,800,10
2113,800,800,0
2114,790,800,-10
2115,780,800,-20
2116,760,800,-40
2117,800,800,0
2118,790,800,-10
2119,780,800,-20
2120,800,800,0
2121,800,800,0
2122,830,800,30
2123,800,800,0
2124,790,800,-10
2125,810,800,10
2126,800,800,0
2127,810,800,10
2128,810,800,10
2129,790,800,-10
2130,780,790,-10
2131,780,790,-10
2132,770,790,-20
2133,800,790,10
2134,790,790,0
2135,770,790,-20
2136,800,790,10
2137,780,790,-10
2138,790,790,0
2139,770,790,-20
2140,790,790,0
2141,790,790,0
2142,780,790,-10
2143,800,790,10
2144,780,790,-10
2145,790,790,0
2146,790,790,0
2147,780,790,-10
2148,790,790,0
2149,810,790,20
2150,800,790,10
2151,780,790,-10
2152,810,790,20
2153,790,790,0
2154,750,790,-40
2155,800,790,10
2156,790,790,0
2157,820,790,30
2158,790,790,0
2159,780,790,-10
2160,770,780,-10
2161,780,780,0
2162,780,780,0
2163,780,780,0
2164,770,780,-10
2165,800,780,20
2166,780,780,0
2167,770,780,-10
2168,780,780,0
2169,770,780,-10
2170,780,780,0
2171,780,780,0
2172,770,780,-10
2173,770,780,-10
2174,790,780,10
2175,770,780,-10
2176,770,780,-10
2177,790,780,10
2178,780,780,0
2179,780,780,0
2180,760,780,-20
2181,780,780,0
2182,770,780,-10
2183,780,780,0
2184,780,780,0
2185,780,780,0
2186,780,780,0
2187,760,780,-20
2188,800,780,20
2189,790,780,10
2190,760,770,-10
2191,780,770,10
2192,770,770,0
2193,770,770,0
2194,770,770,0
2195,770,770,0
2196,760,770,-10
2197,780,770,10
2198,770,770,0
2199,770,770,0
2200,770,770,0
2201,770,770,0
2202,770,770,0
2203,760,770,-10
2204,780,770,10
2205,770,770,0
2206,770,770,0
2207,740,770,-30
2208,760,770,-10
2209,770,770,0
2210,780,770,10
2211,770,770,0
2212,760,770,-10
2213,770,770,0
2214,800,770,30
2215,740,770,-30
2216,770,770,0
2217,770,770,0
2218,780,770,10
2219,750,770,-20
2220,760,760,0
2221,730,760,-30
2222,780,760,20
2223,760,760,0
2224,730,760,-30
2225,750,760,-10
2226,760,760,0
2227,760,760,0
2228,780,760,20
2229,770,760,10
2230,750,760,-10
2231,770,760,10
2232,750,760,-10
2233,760,760,0
2234,770,760,10
2235,770,760,10
2236,760,760,0
2237,760,760,0
2238,760,760,0
2239,780,760,20
2240,780,760,20
2241,740,760,-20
2242,760,760,0
2243,760,760,0
2244,770,760,10
2245,760,760,0
2246,760,760,0
2247,750,760,-10
2248,740,760,-20
2249,760,760,0
2250,750,750,0
2251,750,750,0
2252,750,750,0
2253,730,750,-20
2254,760,750,10
2255,740,750,-10
2256,750,750,0
2257,760,750,10
2258,730,750,-20
2259,750,750,0
2260,730,750,-20
2261,760,750,10
2262,750,750,0
2263,740,750,-10
2264,750,750,0
2265,740,750,-10
2266,730,750,-20
2267,750,750,0
2268,760,750,10
2269,740,750,-10
2270,750,750,0
2271,760,750,10
2272,750,750,0
2273,770,750,20
2274,730,750,-20
2275,750,750,0
2276,770,750,20
2277,740,750,-10
2278,740,750,-10
2279,750,750,0
2280,740,740,0
2281,720,740,-20
2282,750,740,10
2283,730,740,-10
2284,720,740,-20
2285,720,740,-20
2286,750,740,10
2287,740,740,0
2288,750,740,10
2289,730,740,-10
2290,730,740,-10
2291,740,740,0
2292,700,740,-40
2293,740,740,0
2294,730,740,-10
2295,730,740,-10
2296,750,740,10
2297,740,740,0
2298,740,740,0
2299,740,740,0
2300,750,740,10
2301,730,740,-10
2302,740,740,0
2303,730,740,-10
2304,750,740,10
2305,700,740,-40
2306,740,740,0
2307,750,740,10
2308,750,740,10
2309,730,740,-10
2310,720,730,-10
2311,730,730,0
2312,720,730,-10
2313,730,730,0
2314,720,730,-10
2315,730,730,0
2316,750,730,20
2317,750,730,20
2318,720,730,-10
2319,710,730,-20
2320,740,730,10
2321,730,730,0
2322,730,730,0
2323,730,730,0
2324,750,730,20
2325,730,730,0
2326,730,730,0
2327,740,730,10
2328,740,730,10
2329,730,730,0
2330,730,730,0
2331,700,730,-30
2332,710,730,-20
2333,720,730,-10
2334,740,730,10
2335,720,730,-10
2336,740,730,10
2337,710,730,-20
2338,740,730,10
2339,720,730,-10
2340,720,720,0
2341,710,720,-10
2342,730,720,10
2343,720,720,0
2344,700,720,-20
2345,740,720,20
2346,730,720,10
2347,700,720,-20
2348,710,720,-10
2349,740,720,20
2350,720,720,0
2351,720,720,0
2352,740,720,20
2353,700,720,-20
2354,730,720,10
2355,710,720,-10
2356,730,720,10
2357,730,720,10
2358,720,720,0
2359,710,720,-10
2360,730,720,10
2361,710,720,-10
2362,720,720,0
2363,740,720,20
2364,740,720,20
2365,710,720,-10
2366,720,720,0
2367,720,720,0
2368,730,720,10
2369,730,720,10
2370,730,710,20
2371,720,710,10
2372,720,710,10
2373,710,710,0
2374,700,710,-10
2375,710,710,0
2376,710,710,0
2377,690,710,-20
2378,710,710,0
2379,710,710,0
2380,700,710,-10
2381,690,710,-20
2382,720,710,10
2383,720,710,10
2384,690,710,-20
2385,710,710,0
2386,700,710,-10
2387,700,710,-10
2388,700,710,-10
2389,710,710,0
2390,710,710,0
2391,700,710,-10
2392,710,710,0
2393,670,710,-40
2394,690,710,-20
2395,710,710,0
2396,700,710,-10
2397,690,710,-20
2398,710,710,0
2399,740,710,30
2400,700,700,0
2401,700,700,0
2402,660,700,-40
2403,690,700,-10
2404,680,700,-20
2405,710,700,10
2406,700,700,0
2407,710,700,10
2408,700,700,0
2409,700,700,0
2410,700,700,0
2411,720,700,20
2412,720,700,20
2413,700,700,0
2414,730,700,30
2415,690,700,-10
2416,710,700,10
2417,670,700,-30
2418,690,700,-10
2419,700,700,0
2420,720,700,20
2421,680,700,-20
2422,680,700,-20
2423,700,700,0
2424,690,700,-10
2425,680,700,-20
2426,690,700,-10
2427,700,700,0
2428,700,700,0
2429,670,700,-30
2430,690,690,0
2431,660,690,-30
2432,700,690,10
2433,700,690,10
2434,710,690,20
2435,690,690,0
2436,690,690,0
2437,690,690,0
2438,680,690,-10
2439,680,690,-10
2440,690,690,0
2441,690,690,0
2442,720,690,30
2443,710,690,20
2444,720,690,30
2445,690,690,0
2446,700,690,10
2447,700,690,10
2448,700,690,10
2449,680,690,-10
2450,700,690,10
2451,700,690,10
2452,690,690,0
2453,670,690,-20
2454,680,690,-10
2455,680,690,-10
2456,690,690,0
2457,690,690,0
2458,670,690,-20
2459,700,690,10
2460,680,680,0
2461,660,680,-20
2462,690,680,10
2463,680,680,0
2464,650,680,-30
2465,680,680,0
2466,680,680,0
2467,680,680,0
2468,660,680,-20
2469,690,680,10
2470,680,680,0
2471,680,680,0
2472,670,680,-10
2473,670,680,-10
2474,690,680,10
2475,670,680,-10
2476,670,680,-10
2477,660,680,-20
2478,670,680,-10
2479,670,680,-10
2480,670,680,-10
2481,680,680,0
2482,670,680,-10
2483,690,680,10
2484,660,680,-20
2485,690,680,10
2486,680,680,0
2487,690,680,10
2488,670,680,-10
2489,680,680,0
2490,690,670,20
2491,650,670,-20
2492,660,670,-10
2493,680,670,10
2494,670,670,0
2495,670,670,0
2496,650,670,-20
2497,650,670,-20
2498,660,670,-10
2499,690,670,20
2500,660,670,-10
2501,680,670,10
2502,690,670,20
2503,700,670,30
2504,680,670,10
2505,680,670,10
2506,660,670,-10
2507,670,670,0
2508,670,670,0
2509,680,670,10
2510,700,670,30
2511,650,670,-20
2512,670,670,0
2513,670,670,0
2514,690,670,20
2515,670,670,0
2516,680,670,10
2517,660,670,-10
2518,660,670,-10
2519,660,670,-10
2520,670,660,10
2521,660,660,0
2522,620,660,-40
2523,700,660,40
2524,660,660,0
2525,670,660,10
2526,650,660,-10
2527,670,660,10
2528,670,660,10
2529,640,660,-20
2530,650,660,-10
2531,660,660,0
2532,660,660,0
2533,660,660,0
2534,670,660,10
2535,690,660,30
2536,660,660,0
2537,660,660,0
2538,650,660,-10
2539,660,660,0
2540,650,660,-10
2541,650,660,-10
2542,650,660,-10
2543,650,660,-10
2544,670,660,10
2545,640,660,-20
2546,660,660,0
2547,670,660,10
2548,640,660,-20
2549,660,660,0
2550,640,650,-10
2551,650,650,0
2552,670,650,20
2553,640,650,-10
2554,670,650,20
2555,640,650,-10
2556,650,650,0
2557,670,650,20
2558,650,650,0
2559,650,650,0
2560,650,650,0
2561,650,650,0
2562,650,650,0
2563,630,650,-20
2564,650,650,0
2565,650,650,0
2566,650,650,0
2567,630,650,-20
2568,640,650,-10
2569,620,650,-30
2570,650,650,0
2571,620,650,-30
2572,680,650,30
2573,630,650,-20
2574,660,650,10
2575,670,650,20
2576,640,650,-10
2577,640,650,-10
2578,630,650,-20
2579,640,650,-10
2580,620,640,-20
2581,610,640,-30
2582,650,640,10
2583,640,640,0
2584,630,640,-10
2585,640,640,0
2586,620,640,-20
2587,640,640,0
2588,630,640,-10
2589,640,640,0
2590,630,640,-10
2591,600,640,-40
2592,610,640,-30
2593,670,640,30
2594,680,640,40
2595,630,640,-10
2596,680,640,40
2597,630,640,-10
2598,640,640,0
2599,620,640,-20
2600,640,640,0
2601,650,640,10
2602,640,640,0
2603,630,640,-10
2604,640,640,0
2605,650,640,10
2606,650,640,10
2607,640,640,0
2608,650,640,10
2609,640,640,0
2610,620,630,-10
2611,630,630,0
2612,650,630,20
2613,620,630,-10
2614,630,630,0
2615,630,630,0
2616,630,630,0
2617,640,630,10
2618,650,630,20
2619,640,630,10
2620,620,630,-10
2621,610,630,-20
2622,630,630,0
2623,640,630,10
2624,640,630,10
2625,660,630,30
2626,630,630,0
2627,650,630,20
2628,630,630,0
2629,620,630,-10
2630,640,630,10
2631,630,630,0
2632,620,630,-10
2633,640,630,10
2634,610,630,-20
2635,630,630,0
2636,640,630,10
2637,650,630,20
2638,630,630,0
2639,620,630,-10
2640,640,620,20
2641,610,620,-10
2642,600,620,-20
2643,620,620,0
2644,630,620,10
2645,580,620,-40
2646,620,620,0
2647,630,620,10
2648,630,620,10
2649,620,620,0
2650,640,620,20
2651,610,620,-10
2652,600,620,-20
2653,620,620,0
2654,610,620,-10
2655,600,620,-20
2656,670,620,50
2657,640,620,20
2658,610,620,-10
2659,640,620,20
2660,590,620,-30
2661,620,620,0
2662,610,620,-10
2663,620,620,0
2664,590,620,-30
2665,620,620,0
2666,620,620,0
2667,620,620,0
2668,620,620,0
2669,620,620,0
2670,610,610,0
2671,610,610,0
2672,640,610,30
2673,610,610,0
2674,610,610,0
2675,600,610,-10
2676,600,610,-10
2677,590,610,-20
2678,600,610,-10
2679,620,610,10
2680,630,610,20
2681,600,610,-10
2682,610,610,0
2683,610,610,0
2684,610,610,0
2685,620,610,10
2686,610,610,0
2687,610,610,0
2688,610,610,0
2689,650,610,40
2690,600,610,-10
2691,620,610,10
2692,620,610,10
2693,610,610,0
2694,610,610,0
2695,610,610,0
2696,600,610,-10
2697,590,610,-20
2698,600,610,-10
2699,600,610,-10
2700,570,600,-30
2701,590,600,-10
2702,610,600,10
2703,590,600,-10
2704,590,600,-10
2705,590,600,-10
2706,630,600,30
2707,620,600,20
2708,600,600,0
2709,620,600,20
2710,600,600,0
2711,590,600,-10
2712,610,600,10
2713,640,600,40
2714,610,600,10
2715,600,600,0
2716,600,600,0
2717,600,600,0
2718,590,600,-10
2719,590,600,-10
2720,620,600,20
2721,600,600,0
2722,600,600,0
2723,590,600,-10
2724,580,600,-20
2725,610,600,10
2726,600,600,0
2727,590,600,-10
2728,590,600,-10
2729,610,600,10
2730,570,590,-20
2731,610,590,20
2732,610,590,20
2733,600,590,10
2734,610,590,20
2735,610,590,20
2736,600,590,10
2737,600,590,10
2738,590,590,0
2739,600,590,10
2740,580,590,-10
2741,630,590,40
2742,580,590,-10
2743,590,590,0
2744,600,590,10
2745,590,590,0
2746,590,590,0
2747,590,590,0
2748,590,590,0
2749,600,590,10
2750,570,590,-20
2751,590,590,0
2752,610,590,20
2753,590,590,0
2754,600,590,10
2755,610,590,20
2756,580,590,-10
2757,600,590,10
2758,560,590,-30
2759,590,590,0
2760,550,580,-30
2761,570,580,-10
2762,570,580,-10
2763,570,580,-10
2764,610,580,30
2765,590,580,10
2766,590,580,10
2767,570,580,-10
2768,570,580,-10
2769,560,580,-20
2770,570,580,-10
2771,580,580,0
2772,590,580,10
2773,580,580,0
2774,580,580,0
2775,570,580,-10
2776,600,580,20
2777,570,580,-10
2778,560,580,-20
2779,590,580,10
2780,580,580,0
2781,630,580,50
2782,600,580,20
2783,590,580,10
2784,590,580,10
2785,570,580,-10
2786,560,580,-20
2787,560,580,-20
2788,580,580,0
2789,570,580,-10
2790,590,570,20
2791,580,570,10
2792,560,570,-10
2793,570,570,0
2794,560,570,-10
2795,580,570,10
2796,580,570,10
2797,590,570,20
2798,580,570,10
2799,560,570,-10
2800,570,570,0
2801,570,570,0
2802,570,570,0
2803,570,570,0
2804,580,570,10
2805,580,570,10
2806,560,570,-10
2807,570,570,0
2808,570,570,0
2809,560,570,-10
2810,560,570,-10
2811,570,570,0
2812,570,570,0
2813,580,570,10
2814,580,570,10
2815,550,570,-20
2816,550,570,-20
2817,570,570,0
2818,570,570,0
2819,590,570,20
2820,550,560,-10
2821,570,560,10
2822,560,560,0
2823,560,560,0
2824,550,560,-10
2825,600,560,40
2826,550,560,-10
2827,550,560,-10
2828,560,560,0
2829,580,560,20
2830,570,560,10
2831,580,560,20
2832,570,560,10
2833,580,560,20
2834,570,560,10
2835,550,560,-10
2836,560,560,0
2837,560,560,0
2838,570,560,10
2839,560,560,0
2840,560,560,0
2841,550,560,-10
2842,570,560,10
2843,560,560,0
2844,550,560,-10
2845,550,560,-10
2846,560,560,0
2847,560,560,0
2848,560,560,0
2849,570,560,10
2850,540,550,-10
2851,560,550,10
2852,580,550,30
2853,550,550,0
2854,550,550,0
2855,540,550,-10
2856,540,550,-10
2857,550,550,0
2858,560,550,10
2859,540,550,-10
2860,560,550,10
2861,550,550,0
2862,550,550,0
2863,560,550,10
2864,540,550,-10
2865,560,550,10
2866,560,550,10
2867,550,550,0
2868,560,550,10
2869,540,550,-10
2870,560,550,10
2871,540,550,-10
2872,550,550,0
2873,550,550,0
2874,550,550,0
2875,550,550,0
2876,540,550,-10
2877,550,550,0
2878,620,550,70
2879,530,550,-20
2880,540,540,0
2881,560,540,20
2882,560,540,20
2883,530,540,-10
2884,540,540,0
2885,520,540,-20
2886,550,540,10
2887,540,540,0
2888,570,540,30
2889,540,540,0
2890,550,540,10
2891,550,540,10
2892,550,540,10
2893,550,540,10
2894,570,540,30
2895,540,540,0
2896,530,540,-10
2897,540,540,0
2898,530,540,-10
2899,520,540,-20
2900,540,540,0
2901,530,540,-10
2902,540,540,0
2903,530,540,-10
2904,540,540,0
2905,540,540,0
2906,540,540,0
2907,540,540,0
2908,540,540,0
2909,550,540,10
2910,540,530,10
2911,510,530,-20
2912,540,530,10
2913,530,530,0
2914,530,530,0
2915,540,530,10
2916,540,530,10
2917,510,530,-20
2918,540,530,10
2919,540,530,10
2920,520,530,-10
2921,520,530,-10
2922,510,530,-20
2923,530,530,0
2924,530,530,0
2925,560,530,30
2926,540,530,10
2927,560,530,30
2928,560,530,30
2929,540,530,10
2930,530,530,0
2931,540,530,10
2932,510,530,-20
2933,530,530,0
2934,530,530,0
2935,530,530,0
2936,520,530,-10
2937,530,530,0
2938,510,530,-20
2939,540,530,10
2940,510,520,-10
2941,530,520,10
2942,530,520,10
2943,500,520,-20
2944,520,520,0
2945,500,520,-20
2946,520,520,0
2947,520,520,0
2948,540,520,20
2949,530,520,10
2950,540,520,20
2951,520,520,0
2952,550,520,30
2953,530,520,10
2954,500,520,-20
2955,530,520,10
2956,520,520,0
2957,550,520,30
2958,510,520,-10
2959,520,520,0
2960,520,520,0
2961,520,520,0
2962,520,520,0
2963,520,520,0
2964,500,520,-20
2965,490,520,-30
2966,520,520,0
2967,520,520,0
2968,510,520,-10
2969,520,520,0
2970,510,510,0
2971,520,510,10
2972,510,510,0
2973,540,510,30
2974,500,510,-10
2975,510,510,0
2976,520,510,10
2977,500,510,-10
2978,510,510,0
2979,520,510,10
2980,520,510,10
2981,490,510,-20
2982,510,510,0
2983,520,510,10
2984,500,510,-10
2985,500,510,-10
2986,520,510,10
2987,510,510,0
2988,510,510,0
2989,490,510,-20
2990,510,510,0
2991,520,510,10
2992,490,510,-20
2993,510,510,0
2994,510,510,0
2995,520,510,10
2996,510,510,0
2997,520,510,10
2998,520,510,10
2999,500,510,-10
3000,490,500,-10
3001,510,500,10
3002,500,500,0
3003,490,500,-10
3004,490,500,-10
3005,500,500,0
3006,530,500,30
3007,480,500,-20
3008,500,500,0
3009,520,500,20
3010,510,500,10
3011,480,500,-20
3012,510,500,10
3013,510,500,10
3014,510,500,10
3015,490,500,-10
3016,500,500,0
3017,520,500,20
3018,490,500,-10
3019,510,500,10
3020,520,500,20
3021,500,500,0
3022,510,500,10
3023,510,500,10
3024,500,500,0
3025,510,500,10
3026,500,500,0
3027,490,500,-10
3028,490,500,-10
3029,500,500,0
3030,500,490,10
3031,490,490,0
3032,480,490,-10
3033,490,490,0
3034,490,490,0
3035,480,490,-10
3036,490,490,0
3037,480,490,-10
3038,480,490,-10
3039,490,490,0
3040,480,490,-10
3041,520,490,30
3042,490,490,0
3043,490,490,0
3044,470,490,-20
3045,480,490,-10
3046,480,490,-10
3047,490,490,0
3048,500,490,10
3049,490,490,0
3050,500,490,10
3051,520,490,30
3052,490,490,0
3053,460,490,-30
3054,480,490,-10
3055,500,490,10
3056,510,490,20
3057,490,490,0
3058,520,490,30
3059,500,490,10
3060,470,480,-10
3061,480,480,0
3062,490,480,10
3063,470,480,-10
3064,470,480,-10
3065,460,480,-20
3066,490,480,10
3067,480,480,0
3068,470,480,-10
3069,490,480,10
3070,510,480,30
3071,480,480,0
3072,500,480,20
3073,470,480,-10
3074,480,480,0
3075,490,480,10
3076,480,480,0
3077,480,480,0
3078,490,480,10
3079,490,480,10
3080,490,480,10
3081,470,480,-10
3082,490,480,10
3083,480,480,0
3084,480,480,0
3085,470,480,-10
3086,480,480,0
3087,490,480,10
3088,480,480,0
3089,470,480,-10
3090,470,470,0
3091,470,470,0
3092,480,470,10
3093,470,470,0
3094,460,470,-10
3095,460,470,-10
3096,480,470,10
3097,450,470,-20
3098,470,470,0
3099,480,470,10
3100,470,470,0
3101,470,470,0
3102,470,470,0
3103,470,470,0
3104,490,470,20
3105,470,470,0
3106,470,470,0
3107,470,470,0
3108,480,470,10
3109,530,470,60
3110,470,470,0
3111,470,470,0
3112,460,470,-10
3113,480,470,10
3114,490,470,20
3115,440,470,-30
3116,470,470,0
3117,480,470,10
3118,460,470,-10
3119,460,470,-10
3120,470,460,10
3121,450,460,-10
3122,470,460,10
3123,470,460,10
3124,460,460,0
3125,440,460,-20
3126,460,460,0
3127,470,460,10
3128,420,460,-40
3129,470,460,10
3130,450,460,-10
3131,450,460,-10
3132,450,460,-10
3133,470,460,10
3134,450,460,-10
3135,470,460,10
3136,450,460,-10
3137,480,460,20
3138,470,460,10
3139,450,460,-10
3140,450,460,-10
3141,450,460,-10
3142,450,460,-10
3143,440,460,-20
3144,460,460,0
3145,450,460,-10
3146,470,460,10
3147,450,460,-10
3148,450,460,-10
3149,470,460,10
3150,450,450,0
3151,430,450,-20
3152,460,450,10
3153,440,450,-10
3154,470,450,20
3155,440,450,-10
3156,450,450,0
3157,450,450,0
3158,460,450,10
3159,460,450,10
3160,460,450,10
3161,450,450,0
3162,450,450,0
3163,450,450,0
3164,450,450,0
3165,440,450,-10
3166,450,450,0
3167,450,450,0
3168,450,450,0
3169,450,450,0
3170,450,450,0
3171,440,450,-10
3172,450,450,0
3173,450,450,0
3174,440,450,-10
3175,460,450,10
3176,460,450,10
3177,440,450,-10
3178,450,450,0
3179,470,450,20
3180,440,440,0
3181,440,440,0
3182,450,440,10
3183,450,440,10
3184,450,440,10
3185,440,440,0
3186,450,440,10
3187,450,440,10
3188,430,440,-10
3189,460,440,20
3190,440,440,0
3191,470,440,30
3192,450,440,10
3193,430,440,-10
3194,440,440,0
3195,450,440,10
3196,430,440,-10
3197,420,440,-20
3198,450,440,10
3199,460,440,20
3200,450,440,10
3201,450,440,10
3202,420,440,-20
3203,450,440,10
3204,440,440,0
3205,440,440,0
3206,440,440,0
3207,440,440,0
3208,450,440,10
3209,440,440,0
3210,440,430,10
3211,430,430,0
3212,420,430,-10
3213,440,430,10
3214,430,430,0
3215,430,430,0
3216,430,430,0
3217,440,430,10
3218,440,430,10
3219,430,430,0
3220,430,430,0
3221,420,430,-10
3222,440,430,10
3223,420,430,-10
3224,400,430,-30
3225,440,430,10
3226,430,430,0
3227,450,430,20
3228,430,430,0
3229,430,430,0
3230,420,430,-10
3231,420,430,-10
3232,420,430,-10
3233,440,430,10
3234,450,430,20
3235,420,430,-10
3236,430,430,0
3237,410,430,-20
3238,420,430,-10
3239,430,430,0
3240,400,420,-20
3241,420,420,0
3242,410,420,-10
3243,430,420,10
3244,420,420,0
3245,420,420,0
3246,430,420,10
3247,410,420,-10
3248,430,420,10
3249,430,420,10
3250,440,420,20
3251,420,420,0
3252,430,420,10
3253,420,420,0
3254,420,420,0
3255,430,420,10
3256,440,420,20
3257,430,420,10
3258,420,420,0
3259,440,420,20
3260,400,420,-20
3261,420,420,0
3262,440,420,20
3263,420,420,0
3264,440,420,20
3265,420,420,0
3266,430,420,10
3267,420,420,0
3268,500,420,80
3269,410,420,-10
3270,420,410,10
3271,410,410,0
3272,410,410,0
3273,410,410,0
3274,440,410,30
3275,400,410,-10
3276,420,410,10
3277,410,410,0
3278,420,410,10
3279,420,410,10
3280,410,410,0
3281,430,410,20
3282,400,410,-10
3283,410,410,0
3284,400,410,-10
3285,390,410,-20
3286,400,410,-10
3287,410,410,0
3288,410,410,0
3289,420,410,10
3290,420,410,10
3291,410,410,0
3292,420,410,10
3293,420,410,10
3294,410,410,0
3295,430,410,20
3296,400,410,-10
3297,410,410,0
3298,400,410,-10
3299,410,410,0
3300,400,400,0
3301,400,400,0
3302,430,400,30
3303,400,400,0
3304,400,400,0
3305,390,400,-10
3306,400,400,0
3307,390,400,-10
3308,400,400,0
3309,420,400,20
3310,410,400,10
3311,400,400,0
3312,410,400,10
3313,390,400,-10
3314,410,400,10
3315,390,400,-10
3316,410,400,10
3317,390,400,-10
3318,420,400,20
3319,390,400,-10
3320,420,400,20
3321,400,400,0
3322,410,400,10
3323,390,400,-10
3324,380,400,-20
3325,400,400,0
3326,360,400,-40
3327,430,400,30
3328,390,400,-10
3329,400,400,0
3330,380,390,-10
3331,390,390,0
3332,380,390,-10
3333,390,390,0
3334,390,390,0
3335,400,390,10
3336,380,390,-10
3337,380,390,-10
3338,390,390,0
3339,410,390,20
3340,380,390,-10
3341,400,390,10
3342,390,390,0
3343,420,390,30
3344,400,390,10
3345,380,390,-10
3346,380,390,-10
3347,400,390,10
3348,370,390,-20
3349,370,390,-20
3350,380,390,-10
3351,390,390,0
3352,400,390,10
3353,380,390,-10
3354,390,390,0
3355,380,390,-10
3356,400,390,10
3357,390,390,0
3358,380,390,-10
3359,390,390,0
3360,370,380,-10
3361,390,380,10
3362,380,380,0
3363,370,380,-10
3364,370,380,-10
3365,360,380,-20
3366,390,380,10
3367,380,380,0
3368,370,380,-10
3369,370,380,-10
3370,400,380,20
3371,400,380,20
3372,390,380,10
3373,390,380,10
3374,380,380,0
3375,380,380,0
3376,380,380,0
3377,390,380,10
3378,380,380,0
3379,380,380,0
3380,380,380,0
3381,380,380,0
3382,400,380,20
3383,370,380,-10
3384,380,380,0
3385,370,380,-10
3386,380,380,0
3387,390,380,10
3388,380,380,0
3389,410,380,30
3390,380,370,10
3391,400,370,30
3392,380,370,10
3393,370,370,0
3394,360,370,-10
3395,370,370,0
3396,380,370,10
3397,380,370,10
3398,370,370,0
3399,410,370,40
3400,370,370,0
3401,370,370,0
3402,380,370,10
3403,380,370,10
3404,380,370,10
3405,370,370,0
3406,370,370,0
3407,380,370,10
3408,370,370,0
3409,380,370,10
3410,360,370,-10
3411,360,370,-10
3412,380,370,10
3413,370,370,0
3414,370,370,0
3415,360,370,-10
3416,380,370,10
3417,400,370,30
3418,370,370,0
3419,390,370,20
3420,380,360,20
3421,350,360,-10
3422,360,360,0
3423,330,360,-30
3424,380,360,20
3425,360,360,0
3426,350,360,-10
3427,350,360,-10
3428,360,360,0
3429,370,360,10
3430,360,360,0
3431,370,360,10
3432,360,360,0
3433,360,360,0
3434,360,360,0
3435,340,360,-20
3436,370,360,10
3437,360,360,0
3438,340,360,-20
3439,360,360,0
3440,330,360,-30
3441,370,360,10
3442,370,360,10
3443,360,360,0
3444,360,360,0
3445,370,360,10
3446,350,360,-10
3447,360,360,0
3448,370,360,10
3449,370,360,10
3450,350,350,0
3451,340,350,-10
3452,350,350,0
3453,360,350,10
3454,350,350,0
3455,350,350,0
3456,340,350,-10
3457,370,350,20
3458,340,350,-10
3459,320,350,-30
3460,360,350,10
3461,310,350,-40
3462,340,350,-10
3463,340,350,-10
3464,350,350,0
3465,350,350,0
3466,370,350,20
3467,360,350,10
3468,370,350,20
3469,350,350,0
3470,350,350,0
3471,350,350,0
3472,370,350,20
3473,360,350,10
3474,340,350,-10
3475,350,350,0
3476,350,350,0
3477,350,350,0
3478,370,350,20
3479,330,350,-20
3480,350,340,10
3481,350,340,10
3482,330,340,-10
3483,350,340,10
3484,330,340,-10
3485,330,340,-10
3486,320,340,-20
3487,350,340,10
3488,350,340,10
3489,340,340,0
3490,350,340,10
3491,340,340,0
3492,310,340,-30
3493,350,340,10
3494,330,340,-10
3495,330,340,-10
3496,320,340,-20
3497,330,340,-10
3498,340,340,0
3499,360,340,20
3500,320,340,-20
3501,360,340,20
3502,300,340,-40
3503,330,340,-10
3504,350,340,10
3505,350,340,10
3506,320,340,-20
3507,350,340,10
3508,340,340,0
3509,350,340,10
3510,350,330,20
3511,330,330,0
3512,340,330,10
3513,330,330,0
3514,320,330,-10
3515,330,330,0
3516,330,330,0
3517,330,330,0
3518,320,330,-10
3519,320,330,-10
3520,320,330,-10
3521,310,330,-20
3522,320,330,-10
3523,340,330,10
3524,330,330,0
3525,330,330,0
3526,340,330,10
3527,330,330,0
3528,310,330,-20
3529,330,330,0
3530,330,330,0
3531,320,330,-10
3532,340,330,10
3533,320,330,-10
3534,320,330,-10
3535,320,330,-10
3536,320,330,-10
3537,330,330,0
3538,320,330,-10
3539,330,330,0
3540,320,320,0
3541,310,320,-10
3542,320,320,0
3543,330,320,10
3544,300,320,-20
3545,290,320,-30
3546,310,320,-10
3547,320,320,0
3548,330,320,10
3549,320,320,0
3550,320,320,0
3551,290,320,-30
3552,320,320,0
3553,330,320,10
3554,320,320,0
3555,320,320,0
3556,320,320,0
3557,320,320,0
3558,320,320,0
3559,330,320,10
3560,300,320,-20
3561,320,320,0
3562,330,320,10
3563,320,320,0
3564,320,320,0
3565,310,320,-10
3566,330,320,10
3567,300,320,-20
3568,320,320,0
3569,310,320,-10
3570,310,310,0
3571,300,310,-10
3572,300,310,-10
3573,320,310,10
3574,320,310,10
3575,310,310,0
3576,290,310,-20
3577,320,310,10
3578,320,310,10
3579,310,310,0
3580,290,310,-20
3581,330,310,20
3582,280,310,-30
3583,300,310,-10
3584,290,310,-20
3585,310,310,0
3586,300,310,-10
3587,290,310,-20
3588,300,310,-10
3589,310,310,0
3590,310,310,0
3591,310,310,0
3592,320,310,10
3593,270,310,-40
3594,300,310,-10
3595,310,310,0
3596,310,310,0
3597,290,310,-20
3598,300,310,-10
3599,310,310,0
3600,290,300,-10
3601,300,300,0
3602,300,300,0
3603,310,300,10
3604,270,300,-30
3605,290,300,-10
3606,300,300,0
3607,290,300,-10
3608,290,300,-10
3609,290,300,-10
3610,290,300,-10
3611,280,300,-20
3612,290,300,-10
3613,320,300,20
3614,280,300,-20
3615,290,300,-10
3616,300,300,0
3617,300,300,0
3618,290,300,-10
3619,290,300,-10
3620,290,300,-10
3621,290,300,-10
3622,290,300,-10
3623,300,300,0
3624,290,300,-10
3625,280,300,-20
3626,280,300,-20
3627,300,300,0
3628,310,300,10
3629,300,300,0
3630,310,290,20
3631,290,290,0
3632,290,290,0
3633,260,290,-30
3634,290,290,0
3635,300,290,10
3636,310,290,20
3637,300,290,10
3638,310,290,20
3639,280,290,-10
3640,280,290,-10
3641,280,290,-10
3642,280,290,-10
3643,290,290,0
3644,290,290,0
3645,280,290,-10
3646,290,290,0
3647,290,290,0
3648,300,290,10
3649,310,290,20
3650,270,290,-20
3651,280,290,-10
3652,300,290,10
3653,270,290,-20
3654,280,290,-10
3655,280,290,-10
3656,300,290,10
3657,280,290,-10
3658,290,290,0
3659,290,290,0
3660,270,280,-10
3661,280,280,0
3662,270,280,-10
3663,270,280,-10
3664,270,280,-10
3665,280,280,0
3666,280,280,0
3667,270,280,-10
3668,300,280,20
3669,260,280,-20
3670,290,280,10
3671,280,280,0
3672,260,280,-20
3673,280,280,0
3674,270,280,-10
3675,270,280,-10
3676,280,280,0
3677,260,280,-20
3678,290,280,10
3679,280,280,0
3680,290,280,10
3681,270,280,-10
3682,280,280,0
3683,270,280,-10
3684,260,280,-20
3685,260,280,-20
3686,260,280,-20
3687,280,280,0
3688,250,280,-30
3689,290,280,10
3690,260,270,-10
3691,230,270,-40
3692,260,270,-10
3693,280,270,10
3694,280,270,10
3695,270,270,0
3696,260,270,-10
3697,280,270,10
3698,280,270,10
3699,270,270,0
3700,250,270,-20
3701,290,270,20
3702,250,270,-20
3703,280,270,10
3704,270,270,0
3705,270,270,0
3706,260,270,-10
3707,280,270,10
3708,250,270,-20
3709,270,270,0
3710,280,270,10
3711,260,270,-10
3712,270,270,0
3713,250,270,-20
3714,250,270,-20
3715,280,270,10
3716,280,270,10
3717,260,270,-10
3718,260,270,-10
3719,270,270,0
3720,270,260,10
3721,250,260,-10
3722,250,260,-10
3723,260,260,0
3724,240,260,-20
3725,270,260,10
3726,260,260,0
3727,260,260,0
3728,240,260,-20
3729,280,260,20
3730,280,260,20
3731,280,260,20
3732,260,260,0
3733,240,260,-20
3734,270,260,10
3735,260,260,0
3736,250,260,-10
3737,270,260,10
3738,240,260,-20
3739,280,260,20
3740,250,260,-10
3741,270,260,10
3742,280,260,20
3743,260,260,0
3744,250,260,-10
3745,270,260,10
3746,240,260,-20
3747,250,260,-10
3748,240,260,-20
3749,260,260,0
3750,270,250,20
3751,250,250,0
3752,270,250,20
3753,230,250,-20
3754,260,250,10
3755,260,250,10
3756,240,250,-10
3757,250,250,0
3758,240,250,-10
3759,250,250,0
3760,240,250,-10
3761,240,250,-10
3762,240,250,-10
3763,250,250,0
3764,250,250,0
3765,280,250,30
3766,240,250,-10
3767,260,250,10
3768,250,250,0
3769,260,250,10
3770,250,250,0
3771,260,250,10
3772,240,250,-10
3773,260,250,10
3774,260,250,10
3775,230,250,-20
3776,260,250,10
3777,250,250,0
3778,250,250,0
3779,250,250,0
3780,230,240,-10
3781,260,240,20
3782,240,240,0
3783,240,240,0
3784,230,240,-10
3785,260,240,20
3786,250,240,10
3787,230,240,-10
3788,250,240,10
3789,230,240,-10
3790,230,240,-10
3791,260,240,20
3792,240,240,0
3793,260,240,20
3794,240,240,0
3795,260,240,20
3796,230,240,-10
3797,250,240,10
3798,230,240,-10
3799,260,240,20
3800,260,240,20
3801,240,240,0
3802,230,240,-10
3803,250,240,10
3804,240,240,0
3805,250,240,10
3806,240,240,0
3807,210,240,-30
3808,240,240,0
3809,230,240,-10
3810,240,230,10
3811,240,230,10
3812,240,230,10
3813,240,230,10
3814,230,230,0
3815,240,230,10
3816,230,230,0
3817,220,230,-10
3818,250,230,20
3819,250,230,20
3820,230,230,0
3821,240,230,10
3822,230,230,0
3823,240,230,10
3824,250,230,20
3825,230,230,0
3826,230,230,0
3827,230,230,0
3828,240,230,10
3829,230,230,0
3830,260,230,30
3831,240,230,10
3832,240,230,10
3833,230,230,0
3834,230,230,0
3835,240,230,10
3836,250,230,20
3837,240,230,10
3838,230,230,0
3839,250,230,20
3840,230,220,10
3841,220,220,0
3842,220,220,0
3843,230,220,10
3844,220,220,0
3845,240,220,20
3846,240,220,20
3847,240,220,20
3848,230,220,10
3849,220,220,0
3850,240,220,20
3851,240,220,20
3852,240,220,20
3853,210,220,-10
3854,220,220,0
3855,240,220,20
3856,220,220,0
3857,230,220,10
3858,230,220,10
3859,240,220,20
3860,250,220,30
3861,210,220,-10
3862,220,220,0
3863,230,220,10
3864,220,220,0
3865,230,220,10
3866,240,220,20
3867,210,220,-10
3868,260,220,40
3869,220,220,0
3870,230,210,20
3871,230,210,20
3872,220,210,10
3873,230,210,20
3874,230,210,20
3875,220,210,10
3876,220,210,10
3877,220,210,10
3878,210,210,0
3879,220,210,10
3880,230,210,20
3881,220,210,10
3882,240,210,30
3883,220,210,10
3884,230,210,20
3885,250,210,40
3886,210,210,0
3887,220,210,10
3888,240,210,30
3889,230,210,20
3890,220,210,10
3891,240,210,30
3892,220,210,10
3893,220,210,10
3894,240,210,30
3895,210,210,0
3896,220,210,10
3897,250,210,40
3898,220,210,10
3899,220,210,10
3900,220,200,20
3901,220,200,20
3902,210,200,10
3903,220,200,20
3904,220,200,20
3905,220,200,20
3906,210,200,10
3907,210,200,10
3908,220,200,20
3909,220,200,20
3910,220,200,20
3911,210,200,10
3912,210,200,10
3913,220,200,20
3914,220,200,20
3915,230,200,30
3916,220,200,20
3917,220,200,20
3918,230,200,30
3919,220,200,20
3920,220,200,20
3921,210,200,10
3922,220,200,20
3923,210,200,10
3924,220,200,20
3925,230,200,30
3926,230,200,30
3927,240,200,40
3928,230,200,30
3929,210,200,10
